{
    "prepare_queue": {
        "installed": [],
        "uninstalled": []
    },
    "config_munge": {
        "files": {
            "AndroidManifest.xml": {
                "parents": {
                    "/manifest": [
                        {
                            "xml": "<uses-permission android:name=\"android.permission.INTERNET\" />",
                            "count": 1
                        },
                        {
                            "xml": "<uses-permission android:name=\"android.permission.ACCESS_NETWORK_STATE\" />",
                            "count": 1
                        }
                    ]
                }
            },
            "res/xml/config.xml": {
                "parents": {
                    "/*": [
                        {
                            "xml": "<feature name=\"CookieMaster\"><param name=\"android-package\" value=\"com.cordova.plugins.cookiemaster.CookieMaster\" /></feature>",
                            "count": 1
                        },
                        {
                            "xml": "<feature name=\"Whitelist\"><param name=\"android-package\" value=\"org.apache.cordova.whitelist.WhitelistPlugin\" /><param name=\"onload\" value=\"true\" /></feature>",
                            "count": 1
                        },
                        {
                            "xml": "<feature name=\"StatusBar\"><param name=\"android-package\" value=\"org.apache.cordova.statusbar.StatusBar\" /><param name=\"onload\" value=\"true\" /></feature>",
                            "count": 1
                        },
                        {
                            "xml": "<feature name=\"SplashScreen\"><param name=\"android-package\" value=\"org.apache.cordova.splashscreen.SplashScreen\" /><param name=\"onload\" value=\"true\" /></feature>",
                            "count": 1
                        }
                    ]
                }
            }
        }
    },
    "installed_plugins": {
        "com.cordova.plugins.cookiemaster": {
            "PACKAGE_NAME": "com.toms.coaching"
        },
        "cordova-plugin-whitelist": {
            "PACKAGE_NAME": "com.toms.coaching"
        },
        "cordova-plugin-statusbar": {
            "PACKAGE_NAME": "com.toms.coaching"
        },
        "cordova-plugin-splashscreen": {
            "PACKAGE_NAME": "com.toms.coaching"
        }
    },
    "dependent_plugins": {},
    "modules": [
        {
            "id": "com.cordova.plugins.cookiemaster.cookieMaster",
            "file": "plugins/com.cordova.plugins.cookiemaster/www/cookieMaster.js",
            "pluginId": "com.cordova.plugins.cookiemaster",
            "clobbers": [
                "cookieMaster"
            ]
        },
        {
            "id": "cordova-plugin-statusbar.statusbar",
            "file": "plugins/cordova-plugin-statusbar/www/statusbar.js",
            "pluginId": "cordova-plugin-statusbar",
            "clobbers": [
                "window.StatusBar"
            ]
        },
        {
            "id": "cordova-plugin-splashscreen.SplashScreen",
            "file": "plugins/cordova-plugin-splashscreen/www/splashscreen.js",
            "pluginId": "cordova-plugin-splashscreen",
            "clobbers": [
                "navigator.splashscreen"
            ]
        }
    ],
    "plugin_metadata": {
        "com.cordova.plugins.cookiemaster": "1.0.0",
        "cordova-plugin-whitelist": "1.3.2",
        "cordova-plugin-statusbar": "2.1.3",
        "cordova-plugin-splashscreen": "3.2.2"
    }
}